-- MySQL dump 10.13  Distrib 8.0.19, for Win64 (x86_64)
--
-- Host: sql.freedb.tech    Database: freedb_all_testing
-- ------------------------------------------------------
-- Server version	8.0.28

/*!40101 SET @OLD_CHARACTER_SET_CLIENT=@@CHARACTER_SET_CLIENT */;
/*!40101 SET @OLD_CHARACTER_SET_RESULTS=@@CHARACTER_SET_RESULTS */;
/*!40101 SET @OLD_COLLATION_CONNECTION=@@COLLATION_CONNECTION */;
/*!50503 SET NAMES utf8mb4 */;
/*!40103 SET @OLD_TIME_ZONE=@@TIME_ZONE */;
/*!40103 SET TIME_ZONE='+00:00' */;
/*!40014 SET @OLD_UNIQUE_CHECKS=@@UNIQUE_CHECKS, UNIQUE_CHECKS=0 */;
/*!40014 SET @OLD_FOREIGN_KEY_CHECKS=@@FOREIGN_KEY_CHECKS, FOREIGN_KEY_CHECKS=0 */;
/*!40101 SET @OLD_SQL_MODE=@@SQL_MODE, SQL_MODE='NO_AUTO_VALUE_ON_ZERO' */;
/*!40111 SET @OLD_SQL_NOTES=@@SQL_NOTES, SQL_NOTES=0 */;

--
-- Table structure for table `TBL_DTL_INVOICE`
--

DROP TABLE IF EXISTS `TBL_DTL_INVOICE`;
/*!40101 SET @saved_cs_client     = @@character_set_client */;
/*!50503 SET character_set_client = utf8mb4 */;
CREATE TABLE `TBL_DTL_INVOICE` (
  `ID` int NOT NULL AUTO_INCREMENT,
  `INVOICE_ID_PRIM` int NOT NULL,
  `ID_MST_ITEM` int NOT NULL,
  `QTY` decimal(65,0) NOT NULL,
  `AMOUNT` decimal(65,0) NOT NULL,
  PRIMARY KEY (`ID`),
  KEY `TBL_DTL_INVOICE_FK_1` (`ID_MST_ITEM`),
  KEY `TBL_DTL_INVOICE_FK` (`INVOICE_ID_PRIM`),
  CONSTRAINT `TBL_DTL_INVOICE_FK` FOREIGN KEY (`INVOICE_ID_PRIM`) REFERENCES `TBL_INVOICE` (`ID`) ON DELETE CASCADE ON UPDATE CASCADE,
  CONSTRAINT `TBL_DTL_INVOICE_FK_1` FOREIGN KEY (`ID_MST_ITEM`) REFERENCES `TBL_MST_ITEM` (`ID`) ON DELETE CASCADE ON UPDATE CASCADE
) ENGINE=InnoDB AUTO_INCREMENT=17 DEFAULT CHARSET=latin1;
/*!40101 SET character_set_client = @saved_cs_client */;

--
-- Dumping data for table `TBL_DTL_INVOICE`
--

LOCK TABLES `TBL_DTL_INVOICE` WRITE;
/*!40000 ALTER TABLE `TBL_DTL_INVOICE` DISABLE KEYS */;
INSERT INTO `TBL_DTL_INVOICE` VALUES (7,1,3,3,60),(8,3,2,1,330),(9,4,2,5,330),(10,5,1,1,230),(11,6,1,1,230),(12,6,2,2,330),(13,8,1,1,230),(14,9,2,2,330),(15,10,1,1,230),(16,10,2,2,330);
/*!40000 ALTER TABLE `TBL_DTL_INVOICE` ENABLE KEYS */;
UNLOCK TABLES;

--
-- Table structure for table `TBL_INVOICE`
--

DROP TABLE IF EXISTS `TBL_INVOICE`;
/*!40101 SET @saved_cs_client     = @@character_set_client */;
/*!50503 SET character_set_client = utf8mb4 */;
CREATE TABLE `TBL_INVOICE` (
  `ID` int NOT NULL AUTO_INCREMENT,
  `INVOICE_ID` varchar(255) NOT NULL,
  `ISSUE_DATE` date NOT NULL,
  `DUE_DATE` date NOT NULL,
  `SUBJECT` varchar(255) DEFAULT NULL,
  `ID_MST_POPULATE_FROM` int DEFAULT NULL,
  `ID_MST_POPULATE_FOR` int DEFAULT NULL,
  `SUBTOTAL` decimal(65,0) NOT NULL,
  `TAX_10` decimal(65,0) NOT NULL,
  `PAYMENT` decimal(65,0) NOT NULL,
  `AMOUNT_DUE` decimal(65,0) NOT NULL,
  PRIMARY KEY (`ID`),
  UNIQUE KEY `TBL_INVOICE_UN` (`INVOICE_ID`),
  KEY `TBL_INVOICE_FK` (`ID_MST_POPULATE_FOR`),
  KEY `TBL_INVOICE_FK_1` (`ID_MST_POPULATE_FROM`),
  CONSTRAINT `TBL_INVOICE_FK` FOREIGN KEY (`ID_MST_POPULATE_FOR`) REFERENCES `TBL_MST_POPULATE` (`ID`) ON DELETE CASCADE ON UPDATE CASCADE,
  CONSTRAINT `TBL_INVOICE_FK_1` FOREIGN KEY (`ID_MST_POPULATE_FROM`) REFERENCES `TBL_MST_POPULATE` (`ID`) ON DELETE CASCADE ON UPDATE CASCADE
) ENGINE=InnoDB AUTO_INCREMENT=11 DEFAULT CHARSET=latin1;
/*!40101 SET character_set_client = @saved_cs_client */;

--
-- Dumping data for table `TBL_INVOICE`
--

LOCK TABLES `TBL_INVOICE` WRITE;
/*!40000 ALTER TABLE `TBL_INVOICE` DISABLE KEYS */;
INSERT INTO `TBL_INVOICE` VALUES (1,'0001','2023-02-01','2023-02-28','Spring Marketing Campaign',1,2,180,18,198,0),(3,'0002','2023-02-20','2023-02-23','TESTING',1,2,330,33,363,0),(4,'0003','2023-02-01','2023-02-22','TESTING LAGI',1,2,1650,165,1815,0),(5,'0004','2023-02-03','2023-02-24','TESTING AJA NICH',1,2,230,23,253,0),(6,'0005','2023-02-16','2023-02-25','COBA INPUT BERHASIL',1,2,890,89,979,0),(8,'0006','2023-02-01','2023-02-28','TESTING AJA',1,2,230,23,253,0),(9,'0007','2023-02-01','2023-02-15','TEST',1,2,660,66,726,0),(10,'0008','2023-02-01','2023-02-28','TEST',1,2,890,89,979,0);
/*!40000 ALTER TABLE `TBL_INVOICE` ENABLE KEYS */;
UNLOCK TABLES;

--
-- Table structure for table `TBL_MST_ITEM`
--

DROP TABLE IF EXISTS `TBL_MST_ITEM`;
/*!40101 SET @saved_cs_client     = @@character_set_client */;
/*!50503 SET character_set_client = utf8mb4 */;
CREATE TABLE `TBL_MST_ITEM` (
  `ID` int NOT NULL AUTO_INCREMENT,
  `NAME` varchar(100) DEFAULT NULL,
  `DESCRIPTION` varchar(255) DEFAULT NULL,
  `PRICE` decimal(62,2) DEFAULT NULL,
  PRIMARY KEY (`ID`)
) ENGINE=InnoDB AUTO_INCREMENT=4 DEFAULT CHARSET=latin1;
/*!40101 SET character_set_client = @saved_cs_client */;

--
-- Dumping data for table `TBL_MST_ITEM`
--

LOCK TABLES `TBL_MST_ITEM` WRITE;
/*!40000 ALTER TABLE `TBL_MST_ITEM` DISABLE KEYS */;
INSERT INTO `TBL_MST_ITEM` VALUES (1,'Service','Design',230.00),(2,'Service','Development',330.00),(3,'Service','Meetings',60.00);
/*!40000 ALTER TABLE `TBL_MST_ITEM` ENABLE KEYS */;
UNLOCK TABLES;

--
-- Table structure for table `TBL_MST_POPULATE`
--

DROP TABLE IF EXISTS `TBL_MST_POPULATE`;
/*!40101 SET @saved_cs_client     = @@character_set_client */;
/*!50503 SET character_set_client = utf8mb4 */;
CREATE TABLE `TBL_MST_POPULATE` (
  `ID` int NOT NULL AUTO_INCREMENT,
  `TYPE` enum('FROM','FOR') CHARACTER SET latin1 COLLATE latin1_swedish_ci DEFAULT NULL,
  `NAME` varchar(100) CHARACTER SET latin1 COLLATE latin1_swedish_ci DEFAULT NULL,
  `DESCRIPTION` varchar(255) DEFAULT NULL,
  PRIMARY KEY (`ID`)
) ENGINE=InnoDB AUTO_INCREMENT=3 DEFAULT CHARSET=latin1;
/*!40101 SET character_set_client = @saved_cs_client */;

--
-- Dumping data for table `TBL_MST_POPULATE`
--

LOCK TABLES `TBL_MST_POPULATE` WRITE;
/*!40000 ALTER TABLE `TBL_MST_POPULATE` DISABLE KEYS */;
INSERT INTO `TBL_MST_POPULATE` VALUES (1,'FROM','Discovery Design','41 St Vincent Place Glasgow G1 2ER Scotland'),(2,'FOR','Barrington Publishers','17 Great Suffolk Street London SE1 0NS United Kingdom');
/*!40000 ALTER TABLE `TBL_MST_POPULATE` ENABLE KEYS */;
UNLOCK TABLES;

--
-- Dumping routines for database 'freedb_all_testing'
--
/*!40103 SET TIME_ZONE=@OLD_TIME_ZONE */;

/*!40101 SET SQL_MODE=@OLD_SQL_MODE */;
/*!40014 SET FOREIGN_KEY_CHECKS=@OLD_FOREIGN_KEY_CHECKS */;
/*!40014 SET UNIQUE_CHECKS=@OLD_UNIQUE_CHECKS */;
/*!40101 SET CHARACTER_SET_CLIENT=@OLD_CHARACTER_SET_CLIENT */;
/*!40101 SET CHARACTER_SET_RESULTS=@OLD_CHARACTER_SET_RESULTS */;
/*!40101 SET COLLATION_CONNECTION=@OLD_COLLATION_CONNECTION */;
/*!40111 SET SQL_NOTES=@OLD_SQL_NOTES */;

-- Dump completed on 2023-02-19 20:39:38
